{
    "code": 200,
    "datas": [
        {
            "goods": [
                {
                    "goods_id": "111111",
                    "goods_image": "banana.jpeg",
                    "goods_name": "소용량 매일매일 바나나 4입(봉) 440G",
                    "goods_num": "1",
                    "goods_price": "1990원"
                }
            ],
            "store_id": "1",
            "store_name": "재소.과일"
        },
        {
            "goods": [
                {
                    "goods_id": "222221",
                    "goods_image": "vitamins.jpeg",
                    "goods_name": "뉴트리랩스] 비타민D 2000IU(2개월분)",
                    "goods_num": "2",
                    "goods_price": "39900원"
                },
                {
                    "goods_id": "222222",
                    "goods_image": "redginseng.jpeg",
                    "goods_name": "매일먹는 진짜 홍삼 10포*3입",
                    "goods_num": "2",
                    "goods_price": "38900원"
                }
            ],
            "store_id": "2",
            "store_name": "건강식품"
        },
        {
            "goods": [
                {
                    "goods_id": "333331",
                    "goods_image": "homerun",
                    "goods_name": "홈런볼 41G*4입",
                    "goods_num": "3",
                    "goods_price": "3390"
                },
                {
                    "goods_id": "333332",
                    "goods_image": "rice",
                    "goods_name": "쌀과자 300G",
                    "goods_num": "3",
                    "goods_price": "4490"
                },
                {
                    "goods_id": "333333",
                    "goods_image": "hersheys",
                    "goods_name": "허쉬 초콜릿 쿠기 144G",
                    "goods_num": "3",
                    "goods_price": "4390"
                }
            ],
            "store_id": "3",
            "store_name": "애건용품"
        }
    ]
}